VERTEXID,"TYPE",HASH,"PIDNAME","PID","PPID","BOOTTIMEUNIX","BOOTTIMESIMPLE","NAME","UID","GID","STARTTIMEUNIX","STARTTIMESIMPLE","COMMANDLINE","PATH","FILENAME","VERSION"
1,"Activity",824758822,"System","0","0","978314298000","Sun Dec 31 17:58:18 2000",NULL,NULL,NULL,NULL,NULL,NULL,NULL,NULL,NULL
2,"Activity",1543717122,NULL,"1","0",NULL,NULL,"systemd","0	0	0	0","0	0	0	0","978314298020","Sun Dec 31 17:58:18 2000","/usr/lib/systemd/systemd single",NULL,NULL,NULL
3,"Activity",-1587681112,NULL,"2","0",NULL,NULL,"kthreadd","0	0	0	0","0	0	0	0","978314298020","Sun Dec 31 17:58:18 2000","",NULL,NULL,NULL
4,"Activity",-575549639,NULL,"3","2",NULL,NULL,"ksoftirqd/0","0	0	0	0","0	0	0	0","978314298030","Sun Dec 31 17:58:18 2000","",NULL,NULL,NULL
5,"Activity",-1432410094,NULL,"4","2",NULL,NULL,"kworker/0:0","0	0	0	0","0	0	0	0","978314298030","Sun Dec 31 17:58:18 2000","",NULL,NULL,NULL
6,"Activity",-1432475884,NULL,"5","2",NULL,NULL,"kworker/u:0","0	0	0	0","0	0	0	0","978314298030","Sun Dec 31 17:58:18 2000","",NULL,NULL,NULL
7,"Activity",-566501847,NULL,"6","2",NULL,NULL,"migration/0","0	0	0	0","0	0	0	0","978314298030","Sun Dec 31 17:58:18 2000","",NULL,NULL,NULL
8,"Activity",-2141961303,NULL,"7","2",NULL,NULL,"watchdog/0","0	0	0	0","0	0	0	0","978314298030","Sun Dec 31 17:58:18 2000","",NULL,NULL,NULL
9,"Activity",-566501834,NULL,"8","2",NULL,NULL,"migration/1","0	0	0	0","0	0	0	0","978314298030","Sun Dec 31 17:58:18 2000","",NULL,NULL,NULL
10,"Activity",-1432410428,NULL,"9","2",NULL,NULL,"kworker/1:0","0	0	0	0","0	0	0	0","978314298030","Sun Dec 31 17:58:18 2000","",NULL,NULL,NULL
11,"Activity",-575548140,NULL,"10","2",NULL,NULL,"ksoftirqd/1","0	0	0	0","0	0	0	0","978314298030","Sun Dec 31 17:58:18 2000","",NULL,NULL,NULL
12,"Activity",-1432408579,NULL,"11","2",NULL,NULL,"kworker/0:1","0	0	0	0","0	0	0	0","978314298030","Sun Dec 31 17:58:18 2000","",NULL,NULL,NULL
13,"Activity",-2141959708,NULL,"12","2",NULL,NULL,"watchdog/1","0	0	0	0","0	0	0	0","978314298050","Sun Dec 31 17:58:18 2000","",NULL,NULL,NULL
14,"Activity",-566500231,NULL,"13","2",NULL,NULL,"migration/2","0	0	0	0","0	0	0	0","978314298050","Sun Dec 31 17:58:18 2000","",NULL,NULL,NULL
15,"Activity",-1432411961,NULL,"14","2",NULL,NULL,"kworker/2:0","0	0	0	0","0	0	0	0","978314298050","Sun Dec 31 17:58:18 2000","",NULL,NULL,NULL
16,"Activity",-575548028,NULL,"15","2",NULL,NULL,"ksoftirqd/2","0	0	0	0","0	0	0	0","978314298050","Sun Dec 31 17:58:18 2000","",NULL,NULL,NULL
17,"Activity",-2141959650,NULL,"16","2",NULL,NULL,"watchdog/2","0	0	0	0","0	0	0	0","978314298060","Sun Dec 31 17:58:18 2000","",NULL,NULL,NULL
18,"Activity",-566500197,NULL,"17","2",NULL,NULL,"migration/3","0	0	0	0","0	0	0	0","978314298060","Sun Dec 31 17:58:18 2000","",NULL,NULL,NULL
19,"Activity",-1432410711,NULL,"18","2",NULL,NULL,"kworker/3:0","0	0	0	0","0	0	0	0","978314298060","Sun Dec 31 17:58:18 2000","",NULL,NULL,NULL
20,"Activity",-575548010,NULL,"19","2",NULL,NULL,"ksoftirqd/3","0	0	0	0","0	0	0	0","978314298060","Sun Dec 31 17:58:18 2000","",NULL,NULL,NULL
21,"Activity",-2141958845,NULL,"20","2",NULL,NULL,"watchdog/3","0	0	0	0","0	0	0	0","978314298070","Sun Dec 31 17:58:18 2000","",NULL,NULL,NULL
22,"Activity",894723641,NULL,"21","2",NULL,NULL,"cpuset","0	0	0	0","0	0	0	0","978314298070","Sun Dec 31 17:58:18 2000","",NULL,NULL,NULL
23,"Activity",1496878193,NULL,"22","2",NULL,NULL,"khelper","0	0	0	0","0	0	0	0","978314298070","Sun Dec 31 17:58:18 2000","",NULL,NULL,NULL
24,"Activity",-1051372753,NULL,"23","2",NULL,NULL,"kdevtmpfs","0	0	0	0","0	0	0	0","978314298070","Sun Dec 31 17:58:18 2000","",NULL,NULL,NULL
25,"Activity",-1946181178,NULL,"24","2",NULL,NULL,"netns","0	0	0	0","0	0	0	0","978314298070","Sun Dec 31 17:58:18 2000","",NULL,NULL,NULL
26,"Activity",761468978,NULL,"25","2",NULL,NULL,"sync_supers","0	0	0	0","0	0	0	0","978314298080","Sun Dec 31 17:58:18 2000","",NULL,NULL,NULL
27,"Activity",1622574994,NULL,"26","2",NULL,NULL,"bdi-default","0	0	0	0","0	0	0	0","978314298080","Sun Dec 31 17:58:18 2000","",NULL,NULL,NULL
28,"Activity",1341570858,NULL,"27","2",NULL,NULL,"kintegrityd","0	0	0	0","0	0	0	0","978314298080","Sun Dec 31 17:58:18 2000","",NULL,NULL,NULL
29,"Activity",1335479913,NULL,"28","2",NULL,NULL,"kblockd","0	0	0	0","0	0	0	0","978314298080","Sun Dec 31 17:58:18 2000","",NULL,NULL,NULL
30,"Activity",1550973501,NULL,"29","2",NULL,NULL,"ata_sff","0	0	0	0","0	0	0	0","978314298140","Sun Dec 31 17:58:18 2000","",NULL,NULL,NULL
31,"Activity",-1944548625,NULL,"30","2",NULL,NULL,"khubd","0	0	0	0","0	0	0	0","978314298140","Sun Dec 31 17:58:18 2000","",NULL,NULL,NULL
32,"Activity",-2044437607,NULL,"31","2",NULL,NULL,"md","0	0	0	0","0	0	0	0","978314298140","Sun Dec 31 17:58:18 2000","",NULL,NULL,NULL
33,"Activity",-1432407469,NULL,"32","2",NULL,NULL,"kworker/0:2","0	0	0	0","0	0	0	0","978314298160","Sun Dec 31 17:58:18 2000","",NULL,NULL,NULL
34,"Activity",-1432404043,NULL,"33","2",NULL,NULL,"kworker/2:1","0	0	0	0","0	0	0	0","978314298810","Sun Dec 31 17:58:18 2000","",NULL,NULL,NULL
35,"Activity",-1432466362,NULL,"40","2",NULL,NULL,"kworker/u:1","0	0	0	0","0	0	0	0","978314298810","Sun Dec 31 17:58:18 2000","",NULL,NULL,NULL
36,"Activity",1827844345,NULL,"56","2",NULL,NULL,"kswapd0","0	0	0	0","0	0	0	0","978314298850","Sun Dec 31 17:58:18 2000","",NULL,NULL,NULL
37,"Activity",-2047731797,NULL,"57","2",NULL,NULL,"ksmd","0	0	0	0","0	0	0	0","978314298850","Sun Dec 31 17:58:18 2000","",NULL,NULL,NULL
38,"Activity",1367368330,NULL,"58","2",NULL,NULL,"khugepaged","0	0	0	0","0	0	0	0","978314298850","Sun Dec 31 17:58:18 2000","",NULL,NULL,NULL
39,"Activity",-1694215431,NULL,"59","2",NULL,NULL,"fsnotify_mark","0	0	0	0","0	0	0	0","978314298860","Sun Dec 31 17:58:18 2000","",NULL,NULL,NULL
40,"Activity",894338984,NULL,"60","2",NULL,NULL,"crypto","0	0	0	0","0	0	0	0","978314298860","Sun Dec 31 17:58:18 2000","",NULL,NULL,NULL
41,"Activity",-1589563437,NULL,"66","2",NULL,NULL,"kthrotld","0	0	0	0","0	0	0	0","978314298860","Sun Dec 31 17:58:18 2000","",NULL,NULL,NULL
42,"Activity",-896471947,NULL,"67","2",NULL,NULL,"scsi_eh_0","0	0	0	0","0	0	0	0","978314299220","Sun Dec 31 17:58:19 2000","",NULL,NULL,NULL
43,"Activity",-896471949,NULL,"68","2",NULL,NULL,"scsi_eh_1","0	0	0	0","0	0	0	0","978314299220","Sun Dec 31 17:58:19 2000","",NULL,NULL,NULL
44,"Activity",-1403543303,NULL,"69","2",NULL,NULL,"kworker/u:2","0	0	0	0","0	0	0	0","978314299220","Sun Dec 31 17:58:19 2000","",NULL,NULL,NULL
45,"Activity",-1403543302,NULL,"70","2",NULL,NULL,"kworker/u:3","0	0	0	0","0	0	0	0","978314299220","Sun Dec 31 17:58:19 2000","",NULL,NULL,NULL
46,"Activity",1989728745,NULL,"71","2",NULL,NULL,"kpsmoused","0	0	0	0","0	0	0	0","978314299250","Sun Dec 31 17:58:19 2000","",NULL,NULL,NULL
47,"Activity",-1403477531,NULL,"72","2",NULL,NULL,"kworker/3:1","0	0	0	0","0	0	0	0","978314299430","Sun Dec 31 17:58:19 2000","",NULL,NULL,NULL
48,"Activity",-1403475610,NULL,"73","2",NULL,NULL,"kworker/1:1","0	0	0	0","0	0	0	0","978314299430","Sun Dec 31 17:58:19 2000","",NULL,NULL,NULL
49,"Activity",-802279068,NULL,"74","2",NULL,NULL,"kworker/2:2","0	0	0	0","0	0	0	0","978314300690","Sun Dec 31 17:58:20 2000","",NULL,NULL,NULL
50,"Activity",-802274832,NULL,"75","2",NULL,NULL,"kworker/1:2","0	0	0	0","0	0	0	0","978314300760","Sun Dec 31 17:58:20 2000","",NULL,NULL,NULL
51,"Activity",-2093622841,NULL,"162","2",NULL,NULL,"ttm_swap","0	0	0	0","0	0	0	0","978314301410","Sun Dec 31 17:58:21 2000","",NULL,NULL,NULL
52,"Activity",-101010351,NULL,"224","2",NULL,NULL,"scsi_eh_2","0	0	0	0","0	0	0	0","978314302400","Sun Dec 31 17:58:22 2000","",NULL,NULL,NULL
53,"Activity",349993221,NULL,"225","2",NULL,NULL,"usb-storage","0	0	0	0","0	0	0	0","978314302400","Sun Dec 31 17:58:22 2000","",NULL,NULL,NULL
54,"Activity",-1789199237,NULL,"226","2",NULL,NULL,"firewire","0	0	0	0","0	0	0	0","978314302400","Sun Dec 31 17:58:22 2000","",NULL,NULL,NULL
55,"Activity",-1813694676,NULL,"276","2",NULL,NULL,"jbd2/sda3-8","0	0	0	0","0	0	0	0","978314303130","Sun Dec 31 17:58:23 2000","",NULL,NULL,NULL
56,"Activity",959053670,NULL,"277","2",NULL,NULL,"ext4-dio-unwrit","0	0	0	0","0	0	0	0","978314303130","Sun Dec 31 17:58:23 2000","",NULL,NULL,NULL
57,"Activity",2023797515,NULL,"316","1",NULL,NULL,"systemd-journal","0	0	0	0","0	0	0	0","978314306620","Sun Dec 31 17:58:26 2000","/usr/lib/systemd/systemd-journald",NULL,NULL,NULL
58,"Activity",-1978584475,NULL,"318","2",NULL,NULL,"kauditd","0	0	0	0","0	0	0	0","978314306630","Sun Dec 31 17:58:26 2000","",NULL,NULL,NULL
59,"Activity",-125085135,NULL,"321","1",NULL,NULL,"udevd","0	0	0	0","0	0	0	0","978314306670","Sun Dec 31 17:58:26 2000","/usr/lib/udev/udevd",NULL,NULL,NULL
60,"Activity",-429153848,NULL,"329","2",NULL,NULL,"kworker/3:2","0	0	0	0","0	0	0	0","978314306920","Sun Dec 31 17:58:26 2000","",NULL,NULL,NULL
61,"Activity",-163154897,NULL,"398","321",NULL,NULL,"udevd","0	0	0	0","0	0	0	0","978314307880","Sun Dec 31 17:58:27 2000","/usr/lib/udev/udevd",NULL,NULL,NULL
62,"Activity",-163154475,NULL,"400","321",NULL,NULL,"udevd","0	0	0	0","0	0	0	0","978314307880","Sun Dec 31 17:58:27 2000","/usr/lib/udev/udevd",NULL,NULL,NULL
63,"Activity",-1657549314,NULL,"424","2",NULL,NULL,"flush-8:0","0	0	0	0","0	0	0	0","978314307960","Sun Dec 31 17:58:27 2000","",NULL,NULL,NULL
64,"Activity",-2053789460,NULL,"443","2",NULL,NULL,"hd-audio0","0	0	0	0","0	0	0	0","978314308750","Sun Dec 31 17:58:28 2000","",NULL,NULL,NULL
65,"Activity",-1345338246,NULL,"446","2",NULL,NULL,"cfg80211","0	0	0	0","0	0	0	0","978314308790","Sun Dec 31 17:58:28 2000","",NULL,NULL,NULL
66,"Activity",-2053787212,NULL,"454","2",NULL,NULL,"hd-audio1","0	0	0	0","0	0	0	0","978314308960","Sun Dec 31 17:58:28 2000","",NULL,NULL,NULL
67,"Activity",-1262952309,NULL,"459","2",NULL,NULL,"applesmc-led","0	0	0	0","0	0	0	0","978314309200","Sun Dec 31 17:58:29 2000","",NULL,NULL,NULL
68,"Activity",-1163719169,NULL,"460","2",NULL,NULL,"hci0","0	0	0	0","0	0	0	0","978314309210","Sun Dec 31 17:58:29 2000","",NULL,NULL,NULL
69,"Activity",1025123992,NULL,"544","1",NULL,NULL,"bluetoothd","0	0	0	0","0	0	0	0","978314311840","Sun Dec 31 17:58:31 2000","/usr/sbin/bluetoothd -n",NULL,NULL,NULL
70,"Activity",2532226,NULL,"556","1",NULL,NULL,"bash","0	0	0	0","0	0	0	0","978314312000","Sun Dec 31 17:58:32 2000","/bin/bash",NULL,NULL,NULL
71,"Activity",1649941038,NULL,"558","1",NULL,NULL,"dbus-daemon","81	81	81	81","81	81	81	81","978314312040","Sun Dec 31 17:58:32 2000","/bin/dbus-daemon --system --address=systemd: --nofork --systemd-activation",NULL,NULL,NULL
72,"Activity",369495875,NULL,"605","2",NULL,NULL,"kworker/0:3","0	0	0	0","0	0	0	0","978314313320","Sun Dec 31 17:58:33 2000","",NULL,NULL,NULL
73,"Activity",-1631410944,NULL,"617","2",NULL,NULL,"krfcommd","0	0	0	0","0	0	0	0","978314313580","Sun Dec 31 17:58:33 2000","",NULL,NULL,NULL
74,"Activity",-119814121,NULL,"1099","1",NULL,NULL,"auditd","0	0	0	0","0	0	0	0","978314484120","Sun Dec 31 18:01:24 2000","auditd",NULL,NULL,NULL
75,"Activity",-659357135,NULL,"1101","1099",NULL,NULL,"audispd","0	0	0	0","0	0	0	0","978314484120","Sun Dec 31 18:01:24 2000","/sbin/audispd",NULL,NULL,NULL
76,"Activity",-6351466,NULL,"1102","1101",NULL,NULL,"sedispatch","0	0	0	0","0	0	0	0","978314484190","Sun Dec 31 18:01:24 2000","/usr/sbin/sedispatch",NULL,NULL,NULL
77,"Activity",-505915618,NULL,"1221","1",NULL,NULL,"wrapper-linux-x","0	0	0	0","0	0	0	0","978314507880","Sun Dec 31 18:01:47 2000","/root/Desktop/SPADE/bin/jsw/wrapper-linux-x86-64 /root/Desktop/SPADE/bin/../cfg/wrapper.conf wrapper.syslog.ident=SPADE wrapper.pidfile=/var/run/SPADE.pid wrapper.name=SPADE wrapper.displayname=SPADE wrapper.daemonize=TRUE wrapper.statusfile=/var/run/SPADE.status wrapper.java.statusfile=/var/run/SPADE.java.status wrapper.lockfile=/var/lock/subsys/SPADE",NULL,NULL,NULL
78,"Activity",-57422591,NULL,"1223","1221",NULL,NULL,"java","0	0	0	0","0	0	0	0","978314508180","Sun Dec 31 18:01:48 2000","/root/Documents/jdk1.6.0_33/bin/java -server -Xms128m -Djava.library.path=../../lib -classpath ../../lib/commons-logging-1.1.1.jar:../../lib/geronimo-jta_1.1_spec-1.1.1.jar:../../lib/h2-1.3.169.jar:../../lib/httpclient-4.2.1.jar:../../lib/httpcore-4.2.1.jar:../../lib/jline-0.9.94.jar:../../lib/libLinuxFUSE.so:../../lib/libwrapper-linux-ia-64.so:../../lib/libwrapper-linux-ppc-32.so:../../lib/libwrapper-linux-ppc-64.so:../../lib/libwrapper-linux-x86-32.so:../../lib/libwrapper-linux-x86-64.so:../../lib/libwrapper-macosx-universal-32.jnilib:../../lib/libwrapper-macosx-universal-64.jnilib:../../lib/lucene-core-3.5.0.jar:../../lib/neo4j-cypher-1.8.jar:../../lib/neo4j-graph-algo-1.8.jar:../../lib/neo4j-graph-matching-1.8.jar:../../lib/neo4j-jmx-1.8.jar:../../lib/neo4j-kernel-1.8.jar:../../lib/neo4j-lucene-index-1.8.jar:../../lib/neo4j-shell-1.8.jar:../../lib/neo4j-udc-1.8.jar:../../lib/org-gephi-graph-api.jar:../../lib/org-gephi-project-api.jar:../../lib/org-gephi-streaming-api.jar:../../lib/org-gephi-streaming-server.jar:../../lib/org-openide-util-lookup.jar:../../lib/org.apache.servicemix.bundles.jline-0.9.94_1.jar:../../lib/scala-library-2.9.1-1.jar:../../lib/server-api-1.8.jar:../../lib/spade.jar:../../lib/spadeLinuxAudit:../../lib/wrapper-windows-x86-32.dll:../../lib/wrapper.jar -Dwrapper.key=btY0KVzzH7amWMbu -Dwrapper.port=32000 -Dwrapper.jvm.port.min=31000 -Dwrapper.jvm.port.max=31999 -Dwrapper.disable_console_input=TRUE -Dwrapper.pid=1221 -Dwrapper.version=3.5.13 -Dwrapper.native_library=wrapper -Dwrapper.service=TRUE -Dwrapper.cpu.timeout=10 -Dwrapper.jvmid=1 org.tanukisoftware.wrapper.WrapperSimpleApp spade.core.Kernel",NULL,NULL,NULL
79,"Activity",-1760734408,NULL,"1270","556",NULL,NULL,"spade-controlle","0	0	0	0","0	0	0	0","978314513000","Sun Dec 31 18:01:53 2000","/bin/sh ./spade-controller",NULL,NULL,NULL
80,"Activity",1640670584,NULL,"1300","1270",NULL,NULL,"java","0	0	0	0","0	0	0	0","978314513030","Sun Dec 31 18:01:53 2000","java -cp ../build:../lib/* spade.client.ControlClient",NULL,NULL,NULL
81,"Activity",1267524619,NULL,"1315","1221",NULL,NULL,"java","0	0	0	0","0	0	0	0",NULL,NULL,NULL,NULL,NULL,NULL
82,"Activity",1265962657,NULL,"34","1315",NULL,NULL,NULL,"0	0	0	0","0	0	0	0",NULL,NULL,NULL,NULL,NULL,NULL
83,"Activity",1265961677,NULL,"3","1221",NULL,NULL,NULL,"0	0	0	0","0	0	0	0",NULL,NULL,NULL,NULL,NULL,NULL
84,"Activity",1267524722,NULL,"1314","1270",NULL,NULL,"java","0	0	0	0","0	0	0	0",NULL,NULL,NULL,NULL,NULL,NULL
85,"Activity",1267518253,NULL,"1498","1270",NULL,NULL,"java","0	0	0	0","0	0	0	0",NULL,NULL,NULL,NULL,NULL,NULL
86,"Activity",1270704383,NULL,"1500","1499",NULL,NULL,"sh","0	0	0	0","0	0	0	0",NULL,NULL,NULL,NULL,NULL,NULL
87,"Activity",1265958865,NULL,"3","1500",NULL,NULL,NULL,"0	0	0	0","0	0	0	0",NULL,NULL,NULL,NULL,NULL,NULL
88,"Activity",1265958865,NULL,"3","1500",NULL,NULL,NULL,"0	0	0	0","0	0	0	0",NULL,NULL,NULL,NULL,NULL,NULL
89,"Activity",1265958865,NULL,"3","1500",NULL,NULL,NULL,"0	0	0	0","0	0	0	0",NULL,NULL,NULL,NULL,NULL,NULL
90,"Activity",1265958865,NULL,"3","1500",NULL,NULL,NULL,"0	0	0	0","0	0	0	0",NULL,NULL,NULL,NULL,NULL,NULL
91,"Activity",1265958865,NULL,"3","1500",NULL,NULL,NULL,"0	0	0	0","0	0	0	0",NULL,NULL,NULL,NULL,NULL,NULL
92,"Activity",1270365044,NULL,"1501","556",NULL,NULL,"bash","0	0	0	0","0	0	0	0",NULL,NULL,NULL,NULL,NULL,NULL
93,"Activity",1269263652,NULL,"1502","1501",NULL,NULL,"bash","0	0	0	0","0	0	0	0",NULL,NULL,NULL,NULL,NULL,NULL
94,"Activity",1269263651,NULL,"1503","1501",NULL,NULL,"bash","0	0	0	0","0	0	0	0",NULL,NULL,NULL,NULL,NULL,NULL
95,"Activity",1270365033,NULL,"1504","556",NULL,NULL,"bash","0	0	0	0","0	0	0	0",NULL,NULL,NULL,NULL,NULL,NULL
96,"Activity",1269263630,NULL,"1505","1504",NULL,NULL,"bash","0	0	0	0","0	0	0	0",NULL,NULL,NULL,NULL,NULL,NULL
97,"Activity",1269263629,NULL,"1506","1504",NULL,NULL,"bash","0	0	0	0","0	0	0	0",NULL,NULL,NULL,NULL,NULL,NULL
98,"Activity",1270365030,NULL,"1507","556",NULL,NULL,"bash","0	0	0	0","0	0	0	0",NULL,NULL,NULL,NULL,NULL,NULL
99,"Activity",1269263632,NULL,"1508","1507",NULL,NULL,"bash","0	0	0	0","0	0	0	0",NULL,NULL,NULL,NULL,NULL,NULL
100,"Activity",1269263631,NULL,"1509","1507",NULL,NULL,"bash","0	0	0	0","0	0	0	0",NULL,NULL,NULL,NULL,NULL,NULL
101,"Activity",1270365070,NULL,"1510","556",NULL,NULL,"bash","0	0	0	0","0	0	0	0",NULL,NULL,NULL,NULL,NULL,NULL
102,"Activity",1269263712,NULL,"1511","1510",NULL,NULL,"bash","0	0	0	0","0	0	0	0",NULL,NULL,NULL,NULL,NULL,NULL
103,"Activity",1269263711,NULL,"1512","1510",NULL,NULL,"bash","0	0	0	0","0	0	0	0",NULL,NULL,NULL,NULL,NULL,NULL
104,"Activity",1270365075,NULL,"1513","556",NULL,NULL,"bash","0	0	0	0","0	0	0	0",NULL,NULL,NULL,NULL,NULL,NULL
105,"Activity",1265958895,NULL,"3","1513",NULL,NULL,NULL,"0	0	0	0","0	0	0	0",NULL,NULL,NULL,NULL,NULL,NULL
106,"Activity",1265958895,NULL,"3","1513",NULL,NULL,NULL,"0	0	0	0","0	0	0	0",NULL,NULL,NULL,NULL,NULL,NULL
107,"Activity",1265958895,NULL,"3","1513",NULL,NULL,NULL,"0	0	0	0","0	0	0	0",NULL,NULL,NULL,NULL,NULL,NULL
108,"Activity",1265958895,NULL,"3","1513",NULL,NULL,NULL,"0	0	0	0","0	0	0	0",NULL,NULL,NULL,NULL,NULL,NULL
109,"Activity",1265958895,NULL,"3","1513",NULL,NULL,NULL,"0	0	0	0","0	0	0	0",NULL,NULL,NULL,NULL,NULL,NULL
110,"Activity",1265958895,NULL,"3","1513",NULL,NULL,NULL,"0	0	0	0","0	0	0	0",NULL,NULL,NULL,NULL,NULL,NULL
111,"Activity",1265958895,NULL,"3","1513",NULL,NULL,NULL,"0	0	0	0","0	0	0	0",NULL,NULL,NULL,NULL,NULL,NULL
112,"Activity",1265958895,NULL,"3","1513",NULL,NULL,NULL,"0	0	0	0","0	0	0	0",NULL,NULL,NULL,NULL,NULL,NULL
113,"Activity",1265958895,NULL,"3","1513",NULL,NULL,NULL,"0	0	0	0","0	0	0	0",NULL,NULL,NULL,NULL,NULL,NULL
114,"Activity",1265958895,NULL,"3","1513",NULL,NULL,NULL,"0	0	0	0","0	0	0	0",NULL,NULL,NULL,NULL,NULL,NULL
115,"Activity",1265958895,NULL,"3","1513",NULL,NULL,NULL,"0	0	0	0","0	0	0	0",NULL,NULL,NULL,NULL,NULL,NULL
116,"Activity",1267518602,NULL,"1514","1221",NULL,NULL,"java","0	0	0	0","0	0	0	0",NULL,NULL,NULL,NULL,NULL,NULL
117,"Activity",1267518383,NULL,"1490","1221",NULL,NULL,"java","0	0	0	0","0	0	0	0",NULL,NULL,NULL,NULL,NULL,NULL
118,"Entity",-148882091,NULL,NULL,NULL,NULL,NULL,NULL,NULL,NULL,NULL,NULL,NULL,"pipe:[27579]","pipe:[27579]","0"
119,"Activity",1265958895,NULL,"3","1513",NULL,NULL,NULL,"0	0	0	0","0	0	0	0",NULL,NULL,NULL,NULL,NULL,NULL
120,"Activity",1265958895,NULL,"3","1513",NULL,NULL,NULL,"0	0	0	0","0	0	0	0",NULL,NULL,NULL,NULL,NULL,NULL
121,"Activity",1265958895,NULL,"3","1513",NULL,NULL,NULL,"0	0	0	0","0	0	0	0",NULL,NULL,NULL,NULL,NULL,NULL
122,"Activity",1265958902,NULL,"4","1513",NULL,NULL,NULL,"0	0	0	0","0	0	0	0",NULL,NULL,NULL,NULL,NULL,NULL
123,"Activity",1265958901,NULL,"5","1513",NULL,NULL,NULL,"0	0	0	0","0	0	0	0",NULL,NULL,NULL,NULL,NULL,NULL
124,"Activity",1265958900,NULL,"6","1513",NULL,NULL,NULL,"0	0	0	0","0	0	0	0",NULL,NULL,NULL,NULL,NULL,NULL
125,"Activity",1267518592,NULL,"1516","1221",NULL,NULL,"java","0	0	0	0","0	0	0	0",NULL,NULL,NULL,NULL,NULL,NULL
126,"Entity",-148878691,NULL,NULL,NULL,NULL,NULL,NULL,NULL,NULL,NULL,NULL,NULL,"pipe:[27580]","pipe:[27580]","0"
127,"Activity",1265958895,NULL,"3","1513",NULL,NULL,NULL,"0	0	0	0","0	0	0	0",NULL,NULL,NULL,NULL,NULL,NULL
128,"Activity",1265958902,NULL,"4","1513",NULL,NULL,NULL,"0	0	0	0","0	0	0	0",NULL,NULL,NULL,NULL,NULL,NULL
129,"Activity",1265958895,NULL,"3","1513",NULL,NULL,NULL,"0	0	0	0","0	0	0	0",NULL,NULL,NULL,NULL,NULL,NULL
130,"Activity",1265958902,NULL,"4","1513",NULL,NULL,NULL,"0	0	0	0","0	0	0	0",NULL,NULL,NULL,NULL,NULL,NULL
131,"Activity",1265958895,NULL,"3","1513",NULL,NULL,NULL,"0	0	0	0","0	0	0	0",NULL,NULL,NULL,NULL,NULL,NULL
132,"Activity",1265958895,NULL,"3","1513",NULL,NULL,NULL,"0	0	0	0","0	0	0	0",NULL,NULL,NULL,NULL,NULL,NULL
133,"Activity",1265958902,NULL,"4","1513",NULL,NULL,NULL,"0	0	0	0","0	0	0	0",NULL,NULL,NULL,NULL,NULL,NULL
134,"Activity",1270365062,NULL,"1518","556",NULL,NULL,"bash","0	0	0	0","0	0	0	0",NULL,NULL,NULL,NULL,NULL,NULL
135,"Activity",1269263696,NULL,"1519","1518",NULL,NULL,"bash","0	0	0	0","0	0	0	0",NULL,NULL,NULL,NULL,NULL,NULL
136,"Activity",1269263730,NULL,"1520","1518",NULL,NULL,"bash","0	0	0	0","0	0	0	0",NULL,NULL,NULL,NULL,NULL,NULL
137,"Activity",1267518630,NULL,"1521","1221",NULL,NULL,"java","0	0	0	0","0	0	0	0",NULL,NULL,NULL,NULL,NULL,NULL
138,"Activity",1270365108,NULL,"1523","556",NULL,NULL,"bash","0	0	0	0","0	0	0	0",NULL,NULL,NULL,NULL,NULL,NULL
139,"Activity",1269263780,NULL,"1524","1523",NULL,NULL,"bash","0	0	0	0","0	0	0	0",NULL,NULL,NULL,NULL,NULL,NULL
140,"Activity",1269263779,NULL,"1525","1523",NULL,NULL,"bash","0	0	0	0","0	0	0	0",NULL,NULL,NULL,NULL,NULL,NULL
141,"Activity",1267518625,NULL,"1526","1221",NULL,NULL,"java","0	0	0	0","0	0	0	0",NULL,NULL,NULL,NULL,NULL,NULL
142,"Activity",1270365095,NULL,"1528","556",NULL,NULL,"bash","0	0	0	0","0	0	0	0",NULL,NULL,NULL,NULL,NULL,NULL
143,"Activity",1269263754,NULL,"1529","1528",NULL,NULL,"bash","0	0	0	0","0	0	0	0",NULL,NULL,NULL,NULL,NULL,NULL
144,"Activity",1269263540,NULL,"1530","1528",NULL,NULL,"bash","0	0	0	0","0	0	0	0",NULL,NULL,NULL,NULL,NULL,NULL
145,"Activity",1267518407,NULL,"1531","1221",NULL,NULL,"java","0	0	0	0","0	0	0	0",NULL,NULL,NULL,NULL,NULL,NULL
146,"Activity",1270364885,NULL,"1533","556",NULL,NULL,"bash","0	0	0	0","0	0	0	0",NULL,NULL,NULL,NULL,NULL,NULL
147,"Entity",-97137843,NULL,NULL,NULL,NULL,NULL,NULL,NULL,NULL,NULL,NULL,NULL,"pipe:[34485]","pipe:[34485]","0"
148,"Activity",1265958961,NULL,"3","1533",NULL,NULL,NULL,"0	0	0	0","0	0	0	0",NULL,NULL,NULL,NULL,NULL,NULL
149,"Activity",1265958961,NULL,"3","1533",NULL,NULL,NULL,"0	0	0	0","0	0	0	0",NULL,NULL,NULL,NULL,NULL,NULL
150,"Activity",1265958961,NULL,"3","1533",NULL,NULL,NULL,"0	0	0	0","0	0	0	0",NULL,NULL,NULL,NULL,NULL,NULL
151,"Activity",1265958961,NULL,"3","1533",NULL,NULL,NULL,"0	0	0	0","0	0	0	0",NULL,NULL,NULL,NULL,NULL,NULL
152,"Activity",1265958961,NULL,"3","1533",NULL,NULL,NULL,"0	0	0	0","0	0	0	0",NULL,NULL,NULL,NULL,NULL,NULL
153,"Activity",1265958961,NULL,"3","1533",NULL,NULL,NULL,"0	0	0	0","0	0	0	0",NULL,NULL,NULL,NULL,NULL,NULL
154,"Activity",1265958961,NULL,"3","1533",NULL,NULL,NULL,"0	0	0	0","0	0	0	0",NULL,NULL,NULL,NULL,NULL,NULL
155,"Activity",1265958961,NULL,"3","1533",NULL,NULL,NULL,"0	0	0	0","0	0	0	0",NULL,NULL,NULL,NULL,NULL,NULL
156,"Activity",1265958961,NULL,"3","1533",NULL,NULL,NULL,"0	0	0	0","0	0	0	0",NULL,NULL,NULL,NULL,NULL,NULL
157,"Activity",1265958961,NULL,"3","1533",NULL,NULL,NULL,"0	0	0	0","0	0	0	0",NULL,NULL,NULL,NULL,NULL,NULL
158,"Activity",1265958961,NULL,"3","1533",NULL,NULL,NULL,"0	0	0	0","0	0	0	0",NULL,NULL,NULL,NULL,NULL,NULL
159,"Activity",1265958961,NULL,"3","1533",NULL,NULL,NULL,"0	0	0	0","0	0	0	0",NULL,NULL,NULL,NULL,NULL,NULL
160,"Activity",1265958961,NULL,"3","1533",NULL,NULL,NULL,"0	0	0	0","0	0	0	0",NULL,NULL,NULL,NULL,NULL,NULL
161,"Activity",1267518412,NULL,"1534","1221",NULL,NULL,"java","0	0	0	0","0	0	0	0",NULL,NULL,NULL,NULL,NULL,NULL
162,"Activity",1922331370,NULL,"1536","1533",NULL,NULL,"spade-controlle","0	0	0	0","0	0	0	0",NULL,NULL,NULL,NULL,NULL,NULL
163,"Activity",1265958958,NULL,"3","1536",NULL,NULL,NULL,"0	0	0	0","0	0	0	0",NULL,NULL,NULL,NULL,NULL,NULL
164,"Activity",1265958958,NULL,"3","1536",NULL,NULL,NULL,"0	0	0	0","0	0	0	0",NULL,NULL,NULL,NULL,NULL,NULL
165,"Activity",1265958958,NULL,"3","1536",NULL,NULL,NULL,"0	0	0	0","0	0	0	0",NULL,NULL,NULL,NULL,NULL,NULL
166,"Activity",1922331361,NULL,"1537","1533",NULL,NULL,"spade-controlle","0	0	0	0","0	0	0	0",NULL,NULL,NULL,NULL,NULL,NULL
167,"Activity",1265958949,NULL,"3","1537",NULL,NULL,NULL,"0	0	0	0","0	0	0	0",NULL,NULL,NULL,NULL,NULL,NULL
168,"Activity",1265958949,NULL,"3","1537",NULL,NULL,NULL,"0	0	0	0","0	0	0	0",NULL,NULL,NULL,NULL,NULL,NULL
169,"Activity",1265958949,NULL,"3","1537",NULL,NULL,NULL,"0	0	0	0","0	0	0	0",NULL,NULL,NULL,NULL,NULL,NULL
170,"Activity",1922331360,NULL,"1538","1533",NULL,NULL,"spade-controlle","0	0	0	0","0	0	0	0",NULL,NULL,NULL,NULL,NULL,NULL
171,"Activity",1922331359,NULL,"1539","1533",NULL,NULL,"spade-controlle","0	0	0	0","0	0	0	0",NULL,NULL,NULL,NULL,NULL,NULL
172,"Activity",1922331387,NULL,"1540","1539",NULL,NULL,"spade-controlle","0	0	0	0","0	0	0	0",NULL,NULL,NULL,NULL,NULL,NULL
173,"Activity",1922331386,NULL,"1541","1539",NULL,NULL,"spade-controlle","0	0	0	0","0	0	0	0",NULL,NULL,NULL,NULL,NULL,NULL
174,"Activity",1265958988,NULL,"3","1541",NULL,NULL,NULL,"0	0	0	0","0	0	0	0",NULL,NULL,NULL,NULL,NULL,NULL
175,"Activity",1265958988,NULL,"3","1541",NULL,NULL,NULL,"0	0	0	0","0	0	0	0",NULL,NULL,NULL,NULL,NULL,NULL
176,"Activity",1265958988,NULL,"3","1541",NULL,NULL,NULL,"0	0	0	0","0	0	0	0",NULL,NULL,NULL,NULL,NULL,NULL
177,"Activity",1265958988,NULL,"3","1541",NULL,NULL,NULL,"0	0	0	0","0	0	0	0",NULL,NULL,NULL,NULL,NULL,NULL
178,"Activity",1265958988,NULL,"3","1541",NULL,NULL,NULL,"0	0	0	0","0	0	0	0",NULL,NULL,NULL,NULL,NULL,NULL
179,"Activity",1265958988,NULL,"3","1541",NULL,NULL,NULL,"0	0	0	0","0	0	0	0",NULL,NULL,NULL,NULL,NULL,NULL
180,"Activity",1922331399,NULL,"1542","1533",NULL,NULL,"spade-controlle","0	0	0	0","0	0	0	0",NULL,NULL,NULL,NULL,NULL,NULL
181,"Activity",1922331424,NULL,"1543","1542",NULL,NULL,"spade-controlle","0	0	0	0","0	0	0	0",NULL,NULL,NULL,NULL,NULL,NULL
182,"Activity",1922331431,NULL,"1544","1542",NULL,NULL,"spade-controlle","0	0	0	0","0	0	0	0",NULL,NULL,NULL,NULL,NULL,NULL
183,"Activity",1265958993,NULL,"3","1544",NULL,NULL,NULL,"0	0	0	0","0	0	0	0",NULL,NULL,NULL,NULL,NULL,NULL
184,"Activity",1265958993,NULL,"3","1544",NULL,NULL,NULL,"0	0	0	0","0	0	0	0",NULL,NULL,NULL,NULL,NULL,NULL
185,"Activity",1265958993,NULL,"3","1544",NULL,NULL,NULL,"0	0	0	0","0	0	0	0",NULL,NULL,NULL,NULL,NULL,NULL
186,"Activity",1265958993,NULL,"3","1544",NULL,NULL,NULL,"0	0	0	0","0	0	0	0",NULL,NULL,NULL,NULL,NULL,NULL
187,"Activity",1265958993,NULL,"3","1544",NULL,NULL,NULL,"0	0	0	0","0	0	0	0",NULL,NULL,NULL,NULL,NULL,NULL
188,"Activity",1265958993,NULL,"3","1544",NULL,NULL,NULL,"0	0	0	0","0	0	0	0",NULL,NULL,NULL,NULL,NULL,NULL
189,"Activity",1922331404,NULL,"1545","1533",NULL,NULL,"spade-controlle","0	0	0	0","0	0	0	0",NULL,NULL,NULL,NULL,NULL,NULL
190,"Activity",1922331434,NULL,"1546","1545",NULL,NULL,"spade-controlle","0	0	0	0","0	0	0	0",NULL,NULL,NULL,NULL,NULL,NULL
191,"Activity",1922331433,NULL,"1547","1545",NULL,NULL,"spade-controlle","0	0	0	0","0	0	0	0",NULL,NULL,NULL,NULL,NULL,NULL
192,"Activity",1265958990,NULL,"3","1547",NULL,NULL,NULL,"0	0	0	0","0	0	0	0",NULL,NULL,NULL,NULL,NULL,NULL
193,"Activity",1265958990,NULL,"3","1547",NULL,NULL,NULL,"0	0	0	0","0	0	0	0",NULL,NULL,NULL,NULL,NULL,NULL
194,"Activity",1265958990,NULL,"3","1547",NULL,NULL,NULL,"0	0	0	0","0	0	0	0",NULL,NULL,NULL,NULL,NULL,NULL
195,"Activity",1265958990,NULL,"3","1547",NULL,NULL,NULL,"0	0	0	0","0	0	0	0",NULL,NULL,NULL,NULL,NULL,NULL
196,"Activity",1265958990,NULL,"3","1547",NULL,NULL,NULL,"0	0	0	0","0	0	0	0",NULL,NULL,NULL,NULL,NULL,NULL
197,"Activity",1265958990,NULL,"3","1547",NULL,NULL,NULL,"0	0	0	0","0	0	0	0",NULL,NULL,NULL,NULL,NULL,NULL
198,"Activity",1922331393,NULL,"1548","1533",NULL,NULL,"spade-controlle","0	0	0	0","0	0	0	0",NULL,NULL,NULL,NULL,NULL,NULL
199,"Activity",1922331412,NULL,"1549","1548",NULL,NULL,"spade-controlle","0	0	0	0","0	0	0	0",NULL,NULL,NULL,NULL,NULL,NULL
200,"Activity",1922331430,NULL,"1550","1548",NULL,NULL,"spade-controlle","0	0	0	0","0	0	0	0",NULL,NULL,NULL,NULL,NULL,NULL
201,"Activity",1265958966,NULL,"3","1550",NULL,NULL,NULL,"0	0	0	0","0	0	0	0",NULL,NULL,NULL,NULL,NULL,NULL
202,"Activity",1265958966,NULL,"3","1550",NULL,NULL,NULL,"0	0	0	0","0	0	0	0",NULL,NULL,NULL,NULL,NULL,NULL
203,"Activity",1265958966,NULL,"3","1550",NULL,NULL,NULL,"0	0	0	0","0	0	0	0",NULL,NULL,NULL,NULL,NULL,NULL
204,"Activity",1265958966,NULL,"3","1550",NULL,NULL,NULL,"0	0	0	0","0	0	0	0",NULL,NULL,NULL,NULL,NULL,NULL
205,"Activity",1265958966,NULL,"3","1550",NULL,NULL,NULL,"0	0	0	0","0	0	0	0",NULL,NULL,NULL,NULL,NULL,NULL
206,"Activity",1265958966,NULL,"3","1550",NULL,NULL,NULL,"0	0	0	0","0	0	0	0",NULL,NULL,NULL,NULL,NULL,NULL
207,"Activity",1922331433,NULL,"1551","1533",NULL,NULL,"spade-controlle","0	0	0	0","0	0	0	0",NULL,NULL,NULL,NULL,NULL,NULL
208,"Activity",1922331491,NULL,"1553","1551",NULL,NULL,"spade-controlle","0	0	0	0","0	0	0	0",NULL,NULL,NULL,NULL,NULL,NULL
209,"Activity",1922331492,NULL,"1552","1551",NULL,NULL,"spade-controlle","0	0	0	0","0	0	0	0",NULL,NULL,NULL,NULL,NULL,NULL
210,"Activity",1265959019,NULL,"3","1553",NULL,NULL,NULL,"0	0	0	0","0	0	0	0",NULL,NULL,NULL,NULL,NULL,NULL
211,"Activity",1265959019,NULL,"3","1553",NULL,NULL,NULL,"0	0	0	0","0	0	0	0",NULL,NULL,NULL,NULL,NULL,NULL
212,"Activity",1265959019,NULL,"3","1553",NULL,NULL,NULL,"0	0	0	0","0	0	0	0",NULL,NULL,NULL,NULL,NULL,NULL
213,"Activity",1265959019,NULL,"3","1553",NULL,NULL,NULL,"0	0	0	0","0	0	0	0",NULL,NULL,NULL,NULL,NULL,NULL
214,"Activity",1265959019,NULL,"3","1553",NULL,NULL,NULL,"0	0	0	0","0	0	0	0",NULL,NULL,NULL,NULL,NULL,NULL
215,"Activity",1265959019,NULL,"3","1553",NULL,NULL,NULL,"0	0	0	0","0	0	0	0",NULL,NULL,NULL,NULL,NULL,NULL
216,"Activity",1922331430,NULL,"1554","1533",NULL,NULL,"spade-controlle","0	0	0	0","0	0	0	0",NULL,NULL,NULL,NULL,NULL,NULL
217,"Activity",1922331494,NULL,"1555","1554",NULL,NULL,"spade-controlle","0	0	0	0","0	0	0	0",NULL,NULL,NULL,NULL,NULL,NULL
218,"Activity",1922331493,NULL,"1556","1554",NULL,NULL,"spade-controlle","0	0	0	0","0	0	0	0",NULL,NULL,NULL,NULL,NULL,NULL
219,"Activity",1265959024,NULL,"3","1556",NULL,NULL,NULL,"0	0	0	0","0	0	0	0",NULL,NULL,NULL,NULL,NULL,NULL
220,"Activity",1265959024,NULL,"3","1556",NULL,NULL,NULL,"0	0	0	0","0	0	0	0",NULL,NULL,NULL,NULL,NULL,NULL
221,"Activity",1265959024,NULL,"3","1556",NULL,NULL,NULL,"0	0	0	0","0	0	0	0",NULL,NULL,NULL,NULL,NULL,NULL
222,"Activity",1265959024,NULL,"3","1556",NULL,NULL,NULL,"0	0	0	0","0	0	0	0",NULL,NULL,NULL,NULL,NULL,NULL
223,"Activity",1265959024,NULL,"3","1556",NULL,NULL,NULL,"0	0	0	0","0	0	0	0",NULL,NULL,NULL,NULL,NULL,NULL
224,"Activity",1265959024,NULL,"3","1556",NULL,NULL,NULL,"0	0	0	0","0	0	0	0",NULL,NULL,NULL,NULL,NULL,NULL
225,"Activity",1922331435,NULL,"1557","1533",NULL,NULL,"spade-controlle","0	0	0	0","0	0	0	0",NULL,NULL,NULL,NULL,NULL,NULL
226,"Activity",1922331496,NULL,"1558","1557",NULL,NULL,"spade-controlle","0	0	0	0","0	0	0	0",NULL,NULL,NULL,NULL,NULL,NULL
227,"Activity",1922331487,NULL,"1559","1557",NULL,NULL,"spade-controlle","0	0	0	0","0	0	0	0",NULL,NULL,NULL,NULL,NULL,NULL
228,"Activity",1265959013,NULL,"3","1559",NULL,NULL,NULL,"0	0	0	0","0	0	0	0",NULL,NULL,NULL,NULL,NULL,NULL
229,"Activity",1265959013,NULL,"3","1559",NULL,NULL,NULL,"0	0	0	0","0	0	0	0",NULL,NULL,NULL,NULL,NULL,NULL
230,"Activity",1265959013,NULL,"3","1559",NULL,NULL,NULL,"0	0	0	0","0	0	0	0",NULL,NULL,NULL,NULL,NULL,NULL
231,"Activity",1265959013,NULL,"3","1559",NULL,NULL,NULL,"0	0	0	0","0	0	0	0",NULL,NULL,NULL,NULL,NULL,NULL
232,"Activity",1265959013,NULL,"3","1559",NULL,NULL,NULL,"0	0	0	0","0	0	0	0",NULL,NULL,NULL,NULL,NULL,NULL
233,"Activity",1265959013,NULL,"3","1559",NULL,NULL,NULL,"0	0	0	0","0	0	0	0",NULL,NULL,NULL,NULL,NULL,NULL
234,"Activity",1922331443,NULL,"1560","1533",NULL,NULL,"spade-controlle","0	0	0	0","0	0	0	0",NULL,NULL,NULL,NULL,NULL,NULL
235,"Activity",1922331480,NULL,"1561","1560",NULL,NULL,"spade-controlle","0	0	0	0","0	0	0	0",NULL,NULL,NULL,NULL,NULL,NULL
236,"Activity",1922331503,NULL,"1562","1560",NULL,NULL,"spade-controlle","0	0	0	0","0	0	0	0",NULL,NULL,NULL,NULL,NULL,NULL
237,"Activity",1265959053,NULL,"3","1562",NULL,NULL,NULL,"0	0	0	0","0	0	0	0",NULL,NULL,NULL,NULL,NULL,NULL
238,"Activity",1265959053,NULL,"3","1562",NULL,NULL,NULL,"0	0	0	0","0	0	0	0",NULL,NULL,NULL,NULL,NULL,NULL
239,"Activity",1265959053,NULL,"3","1562",NULL,NULL,NULL,"0	0	0	0","0	0	0	0",NULL,NULL,NULL,NULL,NULL,NULL
240,"Activity",1265959053,NULL,"3","1562",NULL,NULL,NULL,"0	0	0	0","0	0	0	0",NULL,NULL,NULL,NULL,NULL,NULL
241,"Activity",1265959053,NULL,"3","1562",NULL,NULL,NULL,"0	0	0	0","0	0	0	0",NULL,NULL,NULL,NULL,NULL,NULL
242,"Activity",1265959053,NULL,"3","1562",NULL,NULL,NULL,"0	0	0	0","0	0	0	0",NULL,NULL,NULL,NULL,NULL,NULL
243,"Activity",1922331464,NULL,"1563","1533",NULL,NULL,"spade-controlle","0	0	0	0","0	0	0	0",NULL,NULL,NULL,NULL,NULL,NULL
244,"Activity",1265959052,NULL,"3","1563",NULL,NULL,NULL,"0	0	0	0","0	0	0	0",NULL,NULL,NULL,NULL,NULL,NULL
245,"Activity",1265959052,NULL,"3","1563",NULL,NULL,NULL,"0	0	0	0","0	0	0	0",NULL,NULL,NULL,NULL,NULL,NULL
246,"Activity",1265959052,NULL,"3","1563",NULL,NULL,NULL,"0	0	0	0","0	0	0	0",NULL,NULL,NULL,NULL,NULL,NULL
247,"Activity",1922331463,NULL,"1564","1533",NULL,NULL,"spade-controlle","0	0	0	0","0	0	0	0",NULL,NULL,NULL,NULL,NULL,NULL
248,"Activity",1267515786,NULL,"1565","1533",NULL,NULL,"java","0	0	0	0","0	0	0	0",NULL,NULL,NULL,NULL,NULL,NULL
249,"Activity",1265959050,NULL,"3","1565",NULL,NULL,NULL,"0	0	0	0","0	0	0	0",NULL,NULL,NULL,NULL,NULL,NULL
250,"Entity",-1076140352,NULL,NULL,NULL,NULL,NULL,NULL,NULL,NULL,NULL,NULL,NULL,"/root/Documents/jdk1.6.0_33/jre/lib/rt.jar","rt.jar","0"
251,"Activity",1265959050,NULL,"3","1565",NULL,NULL,NULL,"0	0	0	0","0	0	0	0",NULL,NULL,NULL,NULL,NULL,NULL
252,"Activity",1265959050,NULL,"3","1565",NULL,NULL,NULL,"0	0	0	0","0	0	0	0",NULL,NULL,NULL,NULL,NULL,NULL
253,"Activity",1265959050,NULL,"3","1565",NULL,NULL,NULL,"0	0	0	0","0	0	0	0",NULL,NULL,NULL,NULL,NULL,NULL
254,"Activity",1265959050,NULL,"3","1565",NULL,NULL,NULL,"0	0	0	0","0	0	0	0",NULL,NULL,NULL,NULL,NULL,NULL
255,"Activity",1265959050,NULL,"3","1565",NULL,NULL,NULL,"0	0	0	0","0	0	0	0",NULL,NULL,NULL,NULL,NULL,NULL
256,"Activity",1265959050,NULL,"3","1565",NULL,NULL,NULL,"0	0	0	0","0	0	0	0",NULL,NULL,NULL,NULL,NULL,NULL
257,"Activity",1265959050,NULL,"3","1565",NULL,NULL,NULL,"0	0	0	0","0	0	0	0",NULL,NULL,NULL,NULL,NULL,NULL
258,"Activity",1265959050,NULL,"3","1565",NULL,NULL,NULL,"0	0	0	0","0	0	0	0",NULL,NULL,NULL,NULL,NULL,NULL
259,"Activity",1265959050,NULL,"3","1565",NULL,NULL,NULL,"0	0	0	0","0	0	0	0",NULL,NULL,NULL,NULL,NULL,NULL
260,"Activity",1265959050,NULL,"3","1565",NULL,NULL,NULL,"0	0	0	0","0	0	0	0",NULL,NULL,NULL,NULL,NULL,NULL
261,"Activity",1265959050,NULL,"3","1565",NULL,NULL,NULL,"0	0	0	0","0	0	0	0",NULL,NULL,NULL,NULL,NULL,NULL
262,"Activity",1265959050,NULL,"3","1565",NULL,NULL,NULL,"0	0	0	0","0	0	0	0",NULL,NULL,NULL,NULL,NULL,NULL
263,"Activity",1265959050,NULL,"3","1565",NULL,NULL,NULL,"0	0	0	0","0	0	0	0",NULL,NULL,NULL,NULL,NULL,NULL
264,"Activity",1265959050,NULL,"3","1565",NULL,NULL,NULL,"0	0	0	0","0	0	0	0",NULL,NULL,NULL,NULL,NULL,NULL
265,"Activity",1267515793,NULL,"1566","1533",NULL,NULL,"java","0	0	0	0","0	0	0	0",NULL,NULL,NULL,NULL,NULL,NULL
266,"Activity",1265959057,NULL,"3","1566",NULL,NULL,NULL,"0	0	0	0","0	0	0	0",NULL,NULL,NULL,NULL,NULL,NULL
267,"Activity",1265959057,NULL,"3","1566",NULL,NULL,NULL,"0	0	0	0","0	0	0	0",NULL,NULL,NULL,NULL,NULL,NULL
268,"Activity",1265959057,NULL,"3","1566",NULL,NULL,NULL,"0	0	0	0","0	0	0	0",NULL,NULL,NULL,NULL,NULL,NULL
269,"Activity",1265959057,NULL,"3","1566",NULL,NULL,NULL,"0	0	0	0","0	0	0	0",NULL,NULL,NULL,NULL,NULL,NULL
270,"Activity",1265959057,NULL,"3","1566",NULL,NULL,NULL,"0	0	0	0","0	0	0	0",NULL,NULL,NULL,NULL,NULL,NULL
271,"Activity",1265959057,NULL,"3","1566",NULL,NULL,NULL,"0	0	0	0","0	0	0	0",NULL,NULL,NULL,NULL,NULL,NULL
272,"Activity",1265959057,NULL,"3","1566",NULL,NULL,NULL,"0	0	0	0","0	0	0	0",NULL,NULL,NULL,NULL,NULL,NULL
273,"Activity",1265959057,NULL,"3","1566",NULL,NULL,NULL,"0	0	0	0","0	0	0	0",NULL,NULL,NULL,NULL,NULL,NULL
274,"Activity",1265959057,NULL,"3","1566",NULL,NULL,NULL,"0	0	0	0","0	0	0	0",NULL,NULL,NULL,NULL,NULL,NULL
275,"Activity",1265959057,NULL,"3","1566",NULL,NULL,NULL,"0	0	0	0","0	0	0	0",NULL,NULL,NULL,NULL,NULL,NULL
276,"Activity",1265959057,NULL,"3","1566",NULL,NULL,NULL,"0	0	0	0","0	0	0	0",NULL,NULL,NULL,NULL,NULL,NULL
277,"Activity",1265959057,NULL,"3","1566",NULL,NULL,NULL,"0	0	0	0","0	0	0	0",NULL,NULL,NULL,NULL,NULL,NULL
278,"Activity",1265959057,NULL,"3","1566",NULL,NULL,NULL,"0	0	0	0","0	0	0	0",NULL,NULL,NULL,NULL,NULL,NULL
279,"Activity",1265959057,NULL,"3","1566",NULL,NULL,NULL,"0	0	0	0","0	0	0	0",NULL,NULL,NULL,NULL,NULL,NULL
280,"Activity",1265959057,NULL,"3","1566",NULL,NULL,NULL,"0	0	0	0","0	0	0	0",NULL,NULL,NULL,NULL,NULL,NULL
281,"Activity",1265959057,NULL,"3","1566",NULL,NULL,NULL,"0	0	0	0","0	0	0	0",NULL,NULL,NULL,NULL,NULL,NULL
282,"Activity",1265959057,NULL,"3","1566",NULL,NULL,NULL,"0	0	0	0","0	0	0	0",NULL,NULL,NULL,NULL,NULL,NULL
283,"Activity",1265959057,NULL,"3","1566",NULL,NULL,NULL,"0	0	0	0","0	0	0	0",NULL,NULL,NULL,NULL,NULL,NULL
284,"Activity",1265959064,NULL,"4","1566",NULL,NULL,NULL,"0	0	0	0","0	0	0	0",NULL,NULL,NULL,NULL,NULL,NULL
285,"Entity",-1640604840,NULL,NULL,NULL,NULL,NULL,NULL,NULL,NULL,NULL,NULL,NULL,"/root/Desktop/SPADE/lib/neo4j-jmx-1.8.jar","neo4j-jmx-1.8.jar","0"
286,"Activity",1265959064,NULL,"4","1566",NULL,NULL,NULL,"0	0	0	0","0	0	0	0",NULL,NULL,NULL,NULL,NULL,NULL
287,"Activity",1265959064,NULL,"4","1566",NULL,NULL,NULL,"0	0	0	0","0	0	0	0",NULL,NULL,NULL,NULL,NULL,NULL
288,"Activity",1265959064,NULL,"4","1566",NULL,NULL,NULL,"0	0	0	0","0	0	0	0",NULL,NULL,NULL,NULL,NULL,NULL
289,"Activity",1265959064,NULL,"4","1566",NULL,NULL,NULL,"0	0	0	0","0	0	0	0",NULL,NULL,NULL,NULL,NULL,NULL
290,"Activity",1265959064,NULL,"4","1566",NULL,NULL,NULL,"0	0	0	0","0	0	0	0",NULL,NULL,NULL,NULL,NULL,NULL
291,"Activity",1265959063,NULL,"5","1566",NULL,NULL,NULL,"0	0	0	0","0	0	0	0",NULL,NULL,NULL,NULL,NULL,NULL
292,"Activity",1265959062,NULL,"6","1566",NULL,NULL,NULL,"0	0	0	0","0	0	0	0",NULL,NULL,NULL,NULL,NULL,NULL
293,"Activity",1265959061,NULL,"7","1566",NULL,NULL,NULL,"0	0	0	0","0	0	0	0",NULL,NULL,NULL,NULL,NULL,NULL
294,"Activity",1265959052,NULL,"8","1566",NULL,NULL,NULL,"0	0	0	0","0	0	0	0",NULL,NULL,NULL,NULL,NULL,NULL
295,"Activity",1265959051,NULL,"9","1566",NULL,NULL,NULL,"0	0	0	0","0	0	0	0",NULL,NULL,NULL,NULL,NULL,NULL
296,"Activity",1265960557,NULL,"10","1566",NULL,NULL,NULL,"0	0	0	0","0	0	0	0",NULL,NULL,NULL,NULL,NULL,NULL
297,"Activity",1265960580,NULL,"11","1566",NULL,NULL,NULL,"0	0	0	0","0	0	0	0",NULL,NULL,NULL,NULL,NULL,NULL
298,"Entity",-1916673914,NULL,NULL,NULL,NULL,NULL,NULL,NULL,NULL,NULL,NULL,NULL,"/dev/random","random","0"
299,"Activity",1265960580,NULL,"11","1566",NULL,NULL,NULL,"0	0	0	0","0	0	0	0",NULL,NULL,NULL,NULL,NULL,NULL
300,"Activity",1265960579,NULL,"12","1566",NULL,NULL,NULL,"0	0	0	0","0	0	0	0",NULL,NULL,NULL,NULL,NULL,NULL
301,"Activity",1265960578,NULL,"13","1566",NULL,NULL,NULL,"0	0	0	0","0	0	0	0",NULL,NULL,NULL,NULL,NULL,NULL
302,"Activity",1265960577,NULL,"14","1566",NULL,NULL,NULL,"0	0	0	0","0	0	0	0",NULL,NULL,NULL,NULL,NULL,NULL
303,"Activity",1265960584,NULL,"15","1566",NULL,NULL,NULL,"0	0	0	0","0	0	0	0",NULL,NULL,NULL,NULL,NULL,NULL
304,"Activity",1265960583,NULL,"16","1566",NULL,NULL,NULL,"0	0	0	0","0	0	0	0",NULL,NULL,NULL,NULL,NULL,NULL
305,"Entity",-1184869068,NULL,NULL,NULL,NULL,NULL,NULL,NULL,NULL,NULL,NULL,NULL,"/root/Documents/jdk1.6.0_33/jre/lib/ext/sunjce_provider.jar","sunjce_provider.jar","0"
306,"Activity",1267516591,NULL,"1579","1533",NULL,NULL,"java","0	0	0	0","0	0	0	0",NULL,NULL,NULL,NULL,NULL,NULL
307,"Activity",1265962149,NULL,"16","1579",NULL,NULL,NULL,"0	0	0	0","0	0	0	0",NULL,NULL,NULL,NULL,NULL,NULL
308,"Activity",1265962149,NULL,"16","1579",NULL,NULL,NULL,"0	0	0	0","0	0	0	0",NULL,NULL,NULL,NULL,NULL,NULL
309,"Activity",1265962148,NULL,"17","1579",NULL,NULL,NULL,"0	0	0	0","0	0	0	0",NULL,NULL,NULL,NULL,NULL,NULL
310,"Entity",-1438626347,NULL,NULL,NULL,NULL,NULL,NULL,NULL,NULL,NULL,NULL,NULL,"socket:[31456]","socket:[31456]","0"
311,"Activity",1265962149,NULL,"16","1579",NULL,NULL,NULL,"0	0	0	0","0	0	0	0",NULL,NULL,NULL,NULL,NULL,NULL
312,"Activity",1265962149,NULL,"16","1579",NULL,NULL,NULL,"0	0	0	0","0	0	0	0",NULL,NULL,NULL,NULL,NULL,NULL
313,"Activity",1265962149,NULL,"16","1579",NULL,NULL,NULL,"0	0	0	0","0	0	0	0",NULL,NULL,NULL,NULL,NULL,NULL
314,"Activity",1267519317,NULL,"1580","1221",NULL,NULL,"java","0	0	0	0","0	0	0	0",NULL,NULL,NULL,NULL,NULL,NULL
315,"Entity",-484785310,NULL,NULL,NULL,NULL,NULL,NULL,NULL,NULL,NULL,NULL,NULL,"/root/Documents/jdk1.6.0_33/jre/lib/jce.jar","jce.jar","0"
316,"Activity",1267519315,NULL,"1582","1221",NULL,NULL,"java","0	0	0	0","0	0	0	0",NULL,NULL,NULL,NULL,NULL,NULL
317,"Activity",1265962149,NULL,"16","1579",NULL,NULL,NULL,"0	0	0	0","0	0	0	0",NULL,NULL,NULL,NULL,NULL,NULL
318,"Activity",1265962147,NULL,"18","1579",NULL,NULL,NULL,"0	0	0	0","0	0	0	0",NULL,NULL,NULL,NULL,NULL,NULL
319,"Activity",1265962138,NULL,"19","1579",NULL,NULL,NULL,"0	0	0	0","0	0	0	0",NULL,NULL,NULL,NULL,NULL,NULL
320,"Activity",1265962138,NULL,"19","1579",NULL,NULL,NULL,"0	0	0	0","0	0	0	0",NULL,NULL,NULL,NULL,NULL,NULL
321,"Activity",1265962138,NULL,"19","1579",NULL,NULL,NULL,"0	0	0	0","0	0	0	0",NULL,NULL,NULL,NULL,NULL,NULL
322,"Activity",1265962138,NULL,"19","1579",NULL,NULL,NULL,"0	0	0	0","0	0	0	0",NULL,NULL,NULL,NULL,NULL,NULL
323,"Activity",1265962138,NULL,"19","1579",NULL,NULL,NULL,"0	0	0	0","0	0	0	0",NULL,NULL,NULL,NULL,NULL,NULL
324,"Activity",1265962138,NULL,"19","1579",NULL,NULL,NULL,"0	0	0	0","0	0	0	0",NULL,NULL,NULL,NULL,NULL,NULL
325,"Activity",1267519337,NULL,"1584","1221",NULL,NULL,"java","0	0	0	0","0	0	0	0",NULL,NULL,NULL,NULL,NULL,NULL
326,"Activity",1267524466,NULL,"1231","1221",NULL,NULL,"java","0	0	0	0","0	0	0	0",NULL,NULL,NULL,NULL,NULL,NULL
327,"Entity",-84914899,NULL,NULL,NULL,NULL,NULL,NULL,NULL,NULL,NULL,NULL,NULL,"pipe:[36809]","pipe:[36809]","0"
328,"Entity",-84914901,NULL,NULL,NULL,NULL,NULL,NULL,NULL,NULL,NULL,NULL,NULL,"pipe:[36808]","pipe:[36808]","0"
329,"Activity",1267519335,NULL,"1586","1221",NULL,NULL,"java","0	0	0	0","0	0	0	0",NULL,NULL,NULL,NULL,NULL,NULL
330,"Entity",-146355245,NULL,NULL,NULL,NULL,NULL,NULL,NULL,NULL,NULL,NULL,NULL,"pipe:[26731]","pipe:[26731]","0"
331,"Activity",1265962138,NULL,"19","1579",NULL,NULL,NULL,"0	0	0	0","0	0	0	0",NULL,NULL,NULL,NULL,NULL,NULL
332,"Activity",1265962156,NULL,"20","1579",NULL,NULL,NULL,"0	0	0	0","0	0	0	0",NULL,NULL,NULL,NULL,NULL,NULL
333,"Activity",1267519341,NULL,"1588","1221",NULL,NULL,"java","0	0	0	0","0	0	0	0",NULL,NULL,NULL,NULL,NULL,NULL
334,"Activity",1265962248,NULL,"37","1588",NULL,NULL,NULL,"0	0	0	0","0	0	0	0",NULL,NULL,NULL,NULL,NULL,NULL
335,"Activity",1265962248,NULL,"37","1588",NULL,NULL,NULL,"0	0	0	0","0	0	0	0",NULL,NULL,NULL,NULL,NULL,NULL
336,"Activity",1265962248,NULL,"37","1588",NULL,NULL,NULL,"0	0	0	0","0	0	0	0",NULL,NULL,NULL,NULL,NULL,NULL
337,"Activity",1267519340,NULL,"1589","1221",NULL,NULL,"java","0	0	0	0","0	0	0	0",NULL,NULL,NULL,NULL,NULL,NULL
338,"Entity",-146355381,NULL,NULL,NULL,NULL,NULL,NULL,NULL,NULL,NULL,NULL,NULL,"pipe:[26740]","pipe:[26740]","0"
339,"Activity",1265960590,NULL,"20","1566",NULL,NULL,NULL,"0	0	0	0","0	0	0	0",NULL,NULL,NULL,NULL,NULL,NULL
340,"Activity",1265960589,NULL,"21","1566",NULL,NULL,NULL,"0	0	0	0","0	0	0	0",NULL,NULL,NULL,NULL,NULL,NULL
341,"Activity",1265960612,NULL,"22","1566",NULL,NULL,NULL,"0	0	0	0","0	0	0	0",NULL,NULL,NULL,NULL,NULL,NULL
342,"Activity",1265960611,NULL,"23","1566",NULL,NULL,NULL,"0	0	0	0","0	0	0	0",NULL,NULL,NULL,NULL,NULL,NULL
343,"Activity",1265960610,NULL,"24","1566",NULL,NULL,NULL,"0	0	0	0","0	0	0	0",NULL,NULL,NULL,NULL,NULL,NULL
344,"Activity",1265960609,NULL,"25","1566",NULL,NULL,NULL,"0	0	0	0","0	0	0	0",NULL,NULL,NULL,NULL,NULL,NULL
345,"Activity",1265960616,NULL,"26","1566",NULL,NULL,NULL,"0	0	0	0","0	0	0	0",NULL,NULL,NULL,NULL,NULL,NULL
346,"Activity",1265960615,NULL,"27","1566",NULL,NULL,NULL,"0	0	0	0","0	0	0	0",NULL,NULL,NULL,NULL,NULL,NULL
347,"Activity",1265960614,NULL,"28","1566",NULL,NULL,NULL,"0	0	0	0","0	0	0	0",NULL,NULL,NULL,NULL,NULL,NULL
348,"Activity",1265960613,NULL,"29","1566",NULL,NULL,NULL,"0	0	0	0","0	0	0	0",NULL,NULL,NULL,NULL,NULL,NULL
349,"Activity",1265960623,NULL,"30","1566",NULL,NULL,NULL,"0	0	0	0","0	0	0	0",NULL,NULL,NULL,NULL,NULL,NULL
350,"Activity",1265960622,NULL,"31","1566",NULL,NULL,NULL,"0	0	0	0","0	0	0	0",NULL,NULL,NULL,NULL,NULL,NULL
351,"Activity",1265960621,NULL,"32","1566",NULL,NULL,NULL,"0	0	0	0","0	0	0	0",NULL,NULL,NULL,NULL,NULL,NULL
352,"Activity",1265960644,NULL,"33","1566",NULL,NULL,NULL,"0	0	0	0","0	0	0	0",NULL,NULL,NULL,NULL,NULL,NULL
353,"Activity",1265960643,NULL,"34","1566",NULL,NULL,NULL,"0	0	0	0","0	0	0	0",NULL,NULL,NULL,NULL,NULL,NULL
354,"Activity",1265960642,NULL,"35","1566",NULL,NULL,NULL,"0	0	0	0","0	0	0	0",NULL,NULL,NULL,NULL,NULL,NULL
355,"Activity",1265960641,NULL,"36","1566",NULL,NULL,NULL,"0	0	0	0","0	0	0	0",NULL,NULL,NULL,NULL,NULL,NULL
356,"Activity",1265960648,NULL,"37","1566",NULL,NULL,NULL,"0	0	0	0","0	0	0	0",NULL,NULL,NULL,NULL,NULL,NULL
357,"Activity",1267516721,NULL,"1592","1565",NULL,NULL,"java","0	0	0	0","0	0	0	0",NULL,NULL,NULL,NULL,NULL,NULL
358,"Activity",1267516633,NULL,"1591","1533",NULL,NULL,"java","0	0	0	0","0	0	0	0",NULL,NULL,NULL,NULL,NULL,NULL
359,"Activity",1265960632,NULL,"3","1592",NULL,NULL,NULL,"0	0	0	0","0	0	0	0",NULL,NULL,NULL,NULL,NULL,NULL
360,"Activity",1265960632,NULL,"3","1592",NULL,NULL,NULL,"0	0	0	0","0	0	0	0",NULL,NULL,NULL,NULL,NULL,NULL
361,"Activity",1265960632,NULL,"3","1592",NULL,NULL,NULL,"0	0	0	0","0	0	0	0",NULL,NULL,NULL,NULL,NULL,NULL
362,"Activity",1265960632,NULL,"3","1592",NULL,NULL,NULL,"0	0	0	0","0	0	0	0",NULL,NULL,NULL,NULL,NULL,NULL
363,"Activity",1265960632,NULL,"3","1592",NULL,NULL,NULL,"0	0	0	0","0	0	0	0",NULL,NULL,NULL,NULL,NULL,NULL
364,"Activity",1265960632,NULL,"3","1592",NULL,NULL,NULL,"0	0	0	0","0	0	0	0",NULL,NULL,NULL,NULL,NULL,NULL
365,"Activity",1265960632,NULL,"3","1592",NULL,NULL,NULL,"0	0	0	0","0	0	0	0",NULL,NULL,NULL,NULL,NULL,NULL
366,"Activity",1265960632,NULL,"3","1592",NULL,NULL,NULL,"0	0	0	0","0	0	0	0",NULL,NULL,NULL,NULL,NULL,NULL
367,"Activity",1265960632,NULL,"3","1592",NULL,NULL,NULL,"0	0	0	0","0	0	0	0",NULL,NULL,NULL,NULL,NULL,NULL
368,"Activity",1265960632,NULL,"3","1592",NULL,NULL,NULL,"0	0	0	0","0	0	0	0",NULL,NULL,NULL,NULL,NULL,NULL
369,"Activity",1265960632,NULL,"3","1592",NULL,NULL,NULL,"0	0	0	0","0	0	0	0",NULL,NULL,NULL,NULL,NULL,NULL
370,"Activity",1265960632,NULL,"3","1592",NULL,NULL,NULL,"0	0	0	0","0	0	0	0",NULL,NULL,NULL,NULL,NULL,NULL
371,"Activity",1270706067,NULL,"1593","1592",NULL,NULL,"sh","0	0	0	0","0	0	0	0",NULL,NULL,NULL,NULL,NULL,NULL
372,"Activity",1265960631,NULL,"3","1593",NULL,NULL,NULL,"0	0	0	0","0	0	0	0",NULL,NULL,NULL,NULL,NULL,NULL
373,"Activity",1265960631,NULL,"3","1593",NULL,NULL,NULL,"0	0	0	0","0	0	0	0",NULL,NULL,NULL,NULL,NULL,NULL
374,"Activity",1265960631,NULL,"3","1593",NULL,NULL,NULL,"0	0	0	0","0	0	0	0",NULL,NULL,NULL,NULL,NULL,NULL
375,"Activity",1265960631,NULL,"3","1593",NULL,NULL,NULL,"0	0	0	0","0	0	0	0",NULL,NULL,NULL,NULL,NULL,NULL
376,"Activity",1265960631,NULL,"3","1593",NULL,NULL,NULL,"0	0	0	0","0	0	0	0",NULL,NULL,NULL,NULL,NULL,NULL
377,"Activity",1267516742,NULL,"1595","1565",NULL,NULL,"java","0	0	0	0","0	0	0	0",NULL,NULL,NULL,NULL,NULL,NULL
378,"Activity",1265960685,NULL,"3","1595",NULL,NULL,NULL,"0	0	0	0","0	0	0	0",NULL,NULL,NULL,NULL,NULL,NULL
379,"Activity",1265960685,NULL,"3","1595",NULL,NULL,NULL,"0	0	0	0","0	0	0	0",NULL,NULL,NULL,NULL,NULL,NULL
380,"Activity",1265960685,NULL,"3","1595",NULL,NULL,NULL,"0	0	0	0","0	0	0	0",NULL,NULL,NULL,NULL,NULL,NULL
381,"Activity",1265960685,NULL,"3","1595",NULL,NULL,NULL,"0	0	0	0","0	0	0	0",NULL,NULL,NULL,NULL,NULL,NULL
382,"Activity",1267516630,NULL,"1594","1533",NULL,NULL,"java","0	0	0	0","0	0	0	0",NULL,NULL,NULL,NULL,NULL,NULL
383,"Activity",1265960685,NULL,"3","1595",NULL,NULL,NULL,"0	0	0	0","0	0	0	0",NULL,NULL,NULL,NULL,NULL,NULL
384,"Activity",1265960685,NULL,"3","1595",NULL,NULL,NULL,"0	0	0	0","0	0	0	0",NULL,NULL,NULL,NULL,NULL,NULL
385,"Activity",1265960685,NULL,"3","1595",NULL,NULL,NULL,"0	0	0	0","0	0	0	0",NULL,NULL,NULL,NULL,NULL,NULL
386,"Activity",1265960685,NULL,"3","1595",NULL,NULL,NULL,"0	0	0	0","0	0	0	0",NULL,NULL,NULL,NULL,NULL,NULL
387,"Activity",1265960685,NULL,"3","1595",NULL,NULL,NULL,"0	0	0	0","0	0	0	0",NULL,NULL,NULL,NULL,NULL,NULL
388,"Activity",1265960685,NULL,"3","1595",NULL,NULL,NULL,"0	0	0	0","0	0	0	0",NULL,NULL,NULL,NULL,NULL,NULL
389,"Activity",1265960685,NULL,"3","1595",NULL,NULL,NULL,"0	0	0	0","0	0	0	0",NULL,NULL,NULL,NULL,NULL,NULL
390,"Activity",1265960685,NULL,"3","1595",NULL,NULL,NULL,"0	0	0	0","0	0	0	0",NULL,NULL,NULL,NULL,NULL,NULL
391,"Activity",1270706141,NULL,"1596","1595",NULL,NULL,"sh","0	0	0	0","0	0	0	0",NULL,NULL,NULL,NULL,NULL,NULL
392,"Activity",1265960684,NULL,"3","1596",NULL,NULL,NULL,"0	0	0	0","0	0	0	0",NULL,NULL,NULL,NULL,NULL,NULL
393,"Activity",1265960684,NULL,"3","1596",NULL,NULL,NULL,"0	0	0	0","0	0	0	0",NULL,NULL,NULL,NULL,NULL,NULL
394,"Activity",1265960684,NULL,"3","1596",NULL,NULL,NULL,"0	0	0	0","0	0	0	0",NULL,NULL,NULL,NULL,NULL,NULL
395,"Activity",1265960684,NULL,"3","1596",NULL,NULL,NULL,"0	0	0	0","0	0	0	0",NULL,NULL,NULL,NULL,NULL,NULL
396,"Activity",1265960684,NULL,"3","1596",NULL,NULL,NULL,"0	0	0	0","0	0	0	0",NULL,NULL,NULL,NULL,NULL,NULL
397,"Activity",1267516739,NULL,"1598","1565",NULL,NULL,"java","0	0	0	0","0	0	0	0",NULL,NULL,NULL,NULL,NULL,NULL
398,"Activity",1267516651,NULL,"1597","1533",NULL,NULL,"java","0	0	0	0","0	0	0	0",NULL,NULL,NULL,NULL,NULL,NULL
399,"Activity",1265960682,NULL,"3","1598",NULL,NULL,NULL,"0	0	0	0","0	0	0	0",NULL,NULL,NULL,NULL,NULL,NULL
400,"Activity",1265960682,NULL,"3","1598",NULL,NULL,NULL,"0	0	0	0","0	0	0	0",NULL,NULL,NULL,NULL,NULL,NULL
401,"Activity",1265960682,NULL,"3","1598",NULL,NULL,NULL,"0	0	0	0","0	0	0	0",NULL,NULL,NULL,NULL,NULL,NULL
402,"Activity",1265960682,NULL,"3","1598",NULL,NULL,NULL,"0	0	0	0","0	0	0	0",NULL,NULL,NULL,NULL,NULL,NULL
403,"Activity",1265960682,NULL,"3","1598",NULL,NULL,NULL,"0	0	0	0","0	0	0	0",NULL,NULL,NULL,NULL,NULL,NULL
404,"Activity",1265960682,NULL,"3","1598",NULL,NULL,NULL,"0	0	0	0","0	0	0	0",NULL,NULL,NULL,NULL,NULL,NULL
405,"Activity",1265960682,NULL,"3","1598",NULL,NULL,NULL,"0	0	0	0","0	0	0	0",NULL,NULL,NULL,NULL,NULL,NULL
406,"Activity",1265960682,NULL,"3","1598",NULL,NULL,NULL,"0	0	0	0","0	0	0	0",NULL,NULL,NULL,NULL,NULL,NULL
407,"Activity",1265960682,NULL,"3","1598",NULL,NULL,NULL,"0	0	0	0","0	0	0	0",NULL,NULL,NULL,NULL,NULL,NULL
408,"Activity",1265960682,NULL,"3","1598",NULL,NULL,NULL,"0	0	0	0","0	0	0	0",NULL,NULL,NULL,NULL,NULL,NULL
409,"Activity",1265960682,NULL,"3","1598",NULL,NULL,NULL,"0	0	0	0","0	0	0	0",NULL,NULL,NULL,NULL,NULL,NULL
410,"Activity",1265960682,NULL,"3","1598",NULL,NULL,NULL,"0	0	0	0","0	0	0	0",NULL,NULL,NULL,NULL,NULL,NULL
411,"Activity",1270706143,NULL,"1599","1598",NULL,NULL,"sh","0	0	0	0","0	0	0	0",NULL,NULL,NULL,NULL,NULL,NULL
412,"Activity",1265960689,NULL,"3","1599",NULL,NULL,NULL,"0	0	0	0","0	0	0	0",NULL,NULL,NULL,NULL,NULL,NULL
413,"Activity",1265960689,NULL,"3","1599",NULL,NULL,NULL,"0	0	0	0","0	0	0	0",NULL,NULL,NULL,NULL,NULL,NULL
414,"Activity",1265960689,NULL,"3","1599",NULL,NULL,NULL,"0	0	0	0","0	0	0	0",NULL,NULL,NULL,NULL,NULL,NULL
415,"Activity",1265960689,NULL,"3","1599",NULL,NULL,NULL,"0	0	0	0","0	0	0	0",NULL,NULL,NULL,NULL,NULL,NULL
